id,category_id,name,name_fr,name_ar,details,details_fr,details_ar,cycle,cycle_month,cycle_day,created_at,updated_at
15,9,"Social accounts","Les comptes sociaux","الحسابات الاجتماعية","The CNRC, or ""Centre National du Registre de Commerce,"" is the National Center of Companies Registry. It is responsible for maintaining and managing the commercial register, which includes information about businesses operating in the country. The CNRC role is registering companies, recording changes in their status, and providing official documentation related to business activities.

The submission of social accounts involves delivering key financial documents to the National Center of Companies Registry (CNRC) in Algeria. Companies are required to deposit their financial statements, including the profit and loss statement, the asset statement, and the liability statement. This submission follows the approval of these accounts in a general assembly meeting. 

Needed documents:
    Profit and Loss Statement:
        One copy in the arabic language.
        One copy in the French language.

    Asset Statement:
        One copy in the arabic language.
        One copy in the French language.

    Liability Statement:
        One copy in the arabic language.
        One copy in the French language.

    Minutes of the General Assembly Meeting:
        One copy in the arabic language.
        One copy in the French language.
        The minutes should bear the signatures of the associates or legal representatives of the company and indicate the approval of the accounts.

Penalties for missing the due date are legal action taken by CNRC in collaboration with Commerce Ministery","Le CNRC, ou ""Centre National du Registre de Commerce"" est responsable de la tenue et de la gestion du registre du commerce, qui contient des informations sur les entreprises opérant dans le pays. Le rôle du CNRC consiste à enregistrer les entreprises, à consigner les modifications de leur statut et à fournir une documentation officielle liée aux activités commerciales.

La soumission des comptes sociaux implique la remise de documents financiers clés au Centre National du Registre de Commerce (CNRC) en Algérie. Les entreprises sont tenues de déposer leurs états financiers, y compris le compte de résultat, le bilan et le passif. Cette soumission fait suite à l'approbation de ces comptes lors d'une réunion de l'assemblée générale.

Documents requis :
    Compte de Résultat :
        Une copie en langue arabe.
        Une copie en langue française.

    Bilan actif:
        Une copie en langue arabe.
        Une copie en langue française.

    Bilan Passif :
        Une copie en langue arabe.
        Une copie en langue française.

    Procès-Verbal de la Réunion de l'Assemblée Générale :
        Une copie en langue arabe.
        Une copie en langue française.
        Le procès-verbal doit porter les signatures des associés ou des représentants légaux de l'entreprise et indiquer l'approbation des comptes.

Les sanctions pour dépassement de la date limite consistent en des actions légales prises par le CNRC en collaboration avec le Ministère du Commerce.","الـCNRC، أو ""المركز الوطني للسجلات التجارية""،  هو مسؤول عن الحفاظ على سجل التجارة وإدارته، الذي يتضمن معلومات حول الشركات العاملة في البلاد. يقوم الـCNRC بتسجيل الشركات وتسجيل التغييرات وتوفير الوثائق الرسمية المتعلقة بالأنشطة التجارية.

عملية تقديم الحسابات الاجتماعية تتضمن تقديم وثائق مالية رئيسية إلى المركز الوطني للسجلات التجارية (CNRC) . يُطلب من الشركات إيداع بياناتها المالية، بما في ذلك بيان الربح والخسارة وبيان الأصول والبيان المالي. يسبق هذا التقديم موافقة هذه الحسابات في اجتماع الجمعية العامة.

الوثائق المطلوبة:
   بيان الربح والخسارة:
        نسخة واحدة باللغة العربية.
        نسخة واحدة باللغة الفرنسية.

   بيان الأصول:
        نسخة واحدة باللغة العربية.
        نسخة واحدة باللغة الفرنسية.

   بيان المطلوبات:
        نسخة واحدة باللغة العربية.
        نسخة واحدة باللغة الفرنسية.

   محضر اجتماع الجمعية العامة:
        نسخة واحدة باللغة العربية.
        نسخة واحدة باللغة الفرنسية.
        يجب أن يحمل محضر الاجتماع توقيعات الشركاء أو الممثلين القانونيين للشركة ويشير إلى موافقتهم على الحسابات.

العقوبات عن عدم الامتثال للموعد النهائي تتضمن إجراءات قانونية تتخذها الـCNRC بالتعاون مع وزارة التجارة.",12,7,30,2023-11-21T11:09:48.000000Z,2023-12-10T13:00:50.000000Z
14,4,"Annual declaration of salaries and employees","Déclaration annuelle des salaires et des salariés","التصريح السنوي بالعمال و الأجور","The Annual Declaration of Salaries and Employees is a nominative declaration established by the employer and which includes the salaries paid to all the workers he employed, permanently or intermittently, during the reference year (from July 1 of the current year to June 30 of the following year).

The ADS (DAS) is transmitted within thirty (30) days following the end of the reference year, i.e. by July 31 at the latest.

It serves as the basis for calculating contributions relating to the reference year and workers' vacation pay.

The DAS contains all the information allowing:

The identification of employed workers.

The determination of periods and duration worked.

The elements of remuneration to be declared as defined by Ordinance No. 95-01 of 01-21-95 and explained by Decree 96-208 of 06-05-96.

The Annual Declaration of Salaries and Employees can be made via the TASRIHATCOM online declaration portal and can also be downloaded via the CACOBATPH website or collected on magnetic media (CD) from the CACOBATPH Agencies.","La Déclaration Annuelle des Salaires et Salariés est une déclaration nominative établie par l'employeur et qui porte les salaires payés à l'ensemble des travailleurs qu'il a occupé, en permanence ou par intermittence, durant l'année de référence (du 1er  Juillet de l'année en cours au 30 Juin de l'année suivante).

La DAS est transmise dans les trente (30) jours qui suivent la fin de l'année de référence à savoir au 31 Juillet au plus tard.

Elle sert de base au calcul des cotisations relatives à l'année de référence et des indemnités de congés des travailleurs.

La DAS porte tous les renseignements permettant:

L'identification des travailleurs employés.

La détermination des périodes et de la durée travaillée.

Les éléments de rémunération à déclarer tels que définis par l’ordonnance N°95-01 du 21-01-95 et explicités par le décret 96-208 du 05-06-96 .

La Déclaration Annuelle des Salaires et Salariés peut être faite via le portail de télédéclaration TASRIHATCOM et peut également être téléchargé via le site web de la CACOBATPH ou retiré sur support magnétique (CD) auprès des Agences CACOBATPH.","التصريح السّنوي بالأجور والأجراء هو تصريح اسمي يحرّره المستخدِم ويتضمّن الأجور المدفوعة لمجموع العمّال الذين شغّلهم بصفة دائمة أو منقطعة خلال السنة المرجعية (من الأول جويلية من السنة الجارية إلى 30 جوان من السنة التالية).

يُرسل التصريح السّنوي بالأجور والأجراء خلال الـ 30 يوما الموالية لنهاية السنة المرجعية، أي 31 جويلية على الأكثر.

وهو يشكّل قاعدة حساب الاشتراكات المتعلقة بالسنة المرجعية وبتعويضات عطل العمّال.

يتضمن التصريح المعلومات التي تسمح بـ:

تحديد العمّال المشغّلين،

تحديد الفترات والمدّة المعمولة،

عناصر الأجر المصرّح بها مثلما هي محدّدة في الأمر رقم 95-01 الصادر في 21/01/1995 والمفصّلة في المرسوم 96-208 الصادر في 05/06/1966 (رابط للتحميل)،

يمكن تقديم التصريح السّنوي بالأجور والأجراء عن طريق بوابة التصريح عن بعد ""تصريحاتكم"" . يمكن أيضا تحميله من موقع الصّندوق (رابط للتحميل)، أو عن طريق قرص مضغوط  لدى وكالات الصّندوق.",12,1,31,2023-11-15T01:45:01.000000Z,2023-12-17T13:53:19.000000Z
13,4,"Contribution base declaration","Déclaration d'assiette de cotisation","التصريح بقاعدة المساهمة","CACOBATPH is the National Fund for Paid Leave and Unemployment-Damage Benefits in the Building, Public Works, and Hydraulic Sectors. It is a social security organization in Algeria that manages paid leave and unemployment-damage benefits for workers in the building, public works, and hydraulic sectors.

Contribution base declaration (DAC) of CACOBATPH is a periodic form that must be filled out and payed by employers in the building, public works, and hydraulic sectors (BTPH). It allows the fund to establish the claim between itself and the employer for the contributions due for the wages paid to workers employed during the contribution period.

Failure to submit the DAC on time can result in financial penalties, including a late payment penalty of 10% of the amount due.""","CACOBATPH est la Caisse Nationale des Congés Payés et du Chômage-Intempéries des Secteurs du Bâtiment, des Travaux Publics et de l'Hydraulique. Il s'agit d'un organisme de sécurité sociale en Algérie qui gère les congés payés et les prestations de chômage-intempéries pour les travailleurs des secteurs du bâtiment, des travaux publics et de l'hydraulique.

La déclaration d'assiette de cotisation (DAC) de la CACOBATPH est un formulaire périodique qui doit être rempli et payé par les employeurs du secteur du bâtiment, des travaux publics et de l'hydraulique (BTPH). Elle permet à la caisse d'établir la créance entre elle et l'employeur au titre des cotisations dues au titre des salaires versés aux travailleurs occupés durant la période cotisée.

Le défaut de soumettre la DAC à temps peut entraîner des sanctions financières, notamment une pénalité de retard de 10% du montant dû","CACOBATPH هو الصندوق الوطني للعطل المدفوعة الأجر والبطالة الناجمة عن سوء الأحوال الجوية لقطاعات البناء، الأشغال العمومية والري. إنه هيئة تأمين اجتماعي في الجزائر تدير الإجازات المدفوعة وفوائد البطالة والأضرار لعمال قطاع البناء والأشغال العامة والهيدروليك.

إن التصريح بقاعدة المساهمة (DAC) في CACOBATPH هو نموذج دوري يجب ملؤه و دفع مستحقاته من قبل أرباب العمل في قطاع البناء والأشغال العامة والهيدروليكا (BTPH). يتيح للصندوق إقامة المطالبة بينه وبين صاحب العمل بشأن المساهمات المستحقة عن الأجور المدفوعة للعمال الذين تم توظيفهم خلال الفترة المستحقة للتأمين.

قد يؤدي عدم تقديم DAC في الوقت المحدد إلى فرض عقوبات مالية، بما في ذلك عقوبة تأخير بنسبة 10% من المبلغ المستحق.",1,monthly,20,2023-11-15T01:45:01.000000Z,2023-11-21T09:43:52.000000Z
12,4,"Contribution base declaration","Déclaration d'assiette de cotisation","التصريح بقاعدة المساهمة","CACOBATPH is the National Fund for Paid Leave and Unemployment-Damage Benefits in the Building, Public Works, and Hydraulic Sectors. It is a social security organization in Algeria that manages paid leave and unemployment-damage benefits for workers in the building, public works, and hydraulic sectors.

Contribution base declaration (DAC) of CACOBATPH is a periodic form that must be filled out and payed by employers in the building, public works, and hydraulic sectors (BTPH). It allows the fund to establish the claim between itself and the employer for the contributions due for the wages paid to workers employed during the contribution period.

Failure to submit the DAC on time can result in financial penalties, including a late payment penalty of 10% of the amount due.""","CACOBATPH est la Caisse Nationale des Congés Payés et du Chômage-Intempéries des Secteurs du Bâtiment, des Travaux Publics et de l'Hydraulique. Il s'agit d'un organisme de sécurité sociale en Algérie qui gère les congés payés et les prestations de chômage-intempéries pour les travailleurs des secteurs du bâtiment, des travaux publics et de l'hydraulique.

La déclaration d'assiette de cotisation (DAC) de la CACOBATPH est un formulaire périodique qui doit être rempli et payé par les employeurs du secteur du bâtiment, des travaux publics et de l'hydraulique (BTPH). Elle permet à la caisse d'établir la créance entre elle et l'employeur au titre des cotisations dues au titre des salaires versés aux travailleurs occupés durant la période cotisée.

Le défaut de soumettre la DAC à temps peut entraîner des sanctions financières, notamment une pénalité de retard de 10% du montant dû","CACOBATPH هو الصندوق الوطني للعطل المدفوعة الأجر والبطالة الناجمة عن سوء الأحوال الجوية لقطاعات البناء، الأشغال العمومية والري. إنه هيئة تأمين اجتماعي في الجزائر تدير الإجازات المدفوعة وفوائد البطالة والأضرار لعمال قطاع البناء والأشغال العامة والهيدروليك.

إن التصريح بقاعدة المساهمة (DAC) في CACOBATPH هو نموذج دوري يجب ملؤه و دفع مستحقاته من قبل أرباب العمل في قطاع البناء والأشغال العامة والهيدروليكا (BTPH). يتيح للصندوق إقامة المطالبة بينه وبين صاحب العمل بشأن المساهمات المستحقة عن الأجور المدفوعة للعمال الذين تم توظيفهم خلال الفترة المستحقة للتأمين.

قد يؤدي عدم تقديم DAC في الوقت المحدد إلى فرض عقوبات مالية، بما في ذلك عقوبة تأخير بنسبة 10% من المبلغ المستحق.",3,monthly,20,2023-11-15T01:45:01.000000Z,2023-11-21T09:43:54.000000Z
11,3,"Declaration and payment of contributions","Déclaration et paiement des cotisations","التصريح و الدفع لقاعدة المساهمات","For taxable persons subject to the real regime, operating income is equal to the ordinary result achieved during the closed financial year (n-2) plus the social security contributions paid personally by the taxable person.

Contributions paid individually under the social security system for self-employed persons are not allowed for contribution deduction. They are tax deductible in accordance with article 85 of the code of direct taxes and similar taxes.

Contribution base = ordinary result + social security contribution paid personally for the year (N-1).

The contribution is calculated on the basis of the ordinary result achieved during the closed financial year (n -2) declared during the previous year (n -1).

For those subject to the IFU flat-rate regime and the simplified regime, the annual contribution is calculated on the basis of the turnover achieved during the financial year of the previous year (n-1), less charges directly linked to the exercise of the activity, with the exception of social security contributions paid personally by the taxable person under the social security system for non-employees.

If charges are not determined:

65% of the turnover achieved during the financial year of the previous year represents expenses directly linked to the exercise of the activity with regard to the provision of services.
Contribution base = 35% of turnover + the CASNOS contribution (N-1).

75% of the turnover achieved during the financial year of the previous year represents expenses directly linked to the exercise of the activity with regard to the trade and sale of goods and production.
Contribution base = 25% of turnover + the CASNOS contribution (N-1).

The 2023 annual contribution is calculated on the basis of turnover during the 2022 financial year.","Pour les assujettis soumis au régime réel, le revenu d’exploitation est égal au résultat ordinaire réalisé au cours de l’exercice clôturé (n-2) plus les cotisations de sécurité sociale versées à titre personnel par l’assujetti.

Les cotisations versées individuellement au titre du régime de sécurité sociale des non-salariés, ne sont pas admises pour leur déduction de cotisation. Elles sont déductibles d’impôts conformément à l’article 85 du code des impôts directs et taxes assimilées.

Assiette de cotisation = résultat ordinaire + la cotisation de la sécurité sociale versées titre personnel de l’année (N-1).

La cotisation est calculée sur la base du résultat ordinaire réalisé au cours de l’exercice clos (n -2) déclaré durant l’année précédente (n -1).

Pour les assujettis soumis au régime forfaitaire IFU et au régime simplifié, la cotisation annuelle est calculée sur la base du chiffre d’affaire réalisé au cours de l’exercice de l’année précédente (n-1), diminué des charges liées directement à l’exercice de l’activité, à l’exception des cotisations de sécurité sociale versées à titre personnel par l’assujetti au titre du régime de sécurité sociale des non- salariés.

En cas de non détermination des charges :

65% du chiffre d’affaire réalisé au cours de l’exercice de l’année précédente représente les charges liées directement à l’exercice de l’activité en ce qui concerne les prestations de service.
Assiette de cotisation = 35% du chiffre d’affaire + la cotisation CASNOS (N-1).

75% du chiffre d’affaires réalisé au cours de l’exercice de l’année précédente représente les charges liées directement à l’exercice de l’activité en ce qui concerne le commerce et la vente des marchandises et la production.
Assiette de cotisation = 25% du chiffre d’affaire + la cotisation de la CASNOS (N-1).

La cotisation annuelle 2023 est calculée sur la base du chiffre d’affaires au cours de l’exercice de l’année 2022.","بالنسبة للأشخاص الخاضعين للضريبة الخاضعين للنظام الحقيقي، فإن الدخل التشغيلي يساوي النتيجة العادية التي تم تحقيقها خلال السنة المالية المغلقة (ن-2) بالإضافة إلى اشتراكات الضمان الاجتماعي المدفوعة شخصيًا من قبل الشخص الخاضع للضريبة.

لا يجوز خصم الاشتراكات المدفوعة بشكل فردي بموجب نظام الضمان الاجتماعي للعاملين لحسابهم الخاص. وهي معفاة من الأداء طبقا لأحكام الفصل 85 من مجلة الضرائب المباشرة والضرائب المماثلة.

قاعدة المساهمة = النتيجة العادية + مساهمة الضمان الاجتماعي المدفوعة شخصياً للسنة (ن-1).

يتم احتساب المساهمة على أساس النتيجة العادية المحققة خلال السنة المالية المغلقة (ن -2) المعلنة خلال السنة السابقة (ن -1).

بالنسبة لأولئك الخاضعين لنظام معدل الفائدة الثابت والنظام المبسط، يتم حساب المساهمة السنوية على أساس رقم الأعمال الذي تم تحقيقه خلال السنة المالية من العام السابق (n-1)، ناقص الرسوم المرتبطة مباشرة بممارسة - باستثناء اشتراكات الضمان الاجتماعي التي يدفعها الخاضع للضريبة شخصياً بموجب نظام الضمان الاجتماعي لغير الموظفين.

إذا لم يتم تحديد الرسوم:

65% من رقم الأعمال المتحقق خلال السنة المالية من السنة السابقة يمثل مصاريف مرتبطة مباشرة بممارسة النشاط فيما يتعلق بتقديم الخدمات.
قاعدة المساهمة = 35% من إجمالي المبيعات + مساهمة CASNOS (N-1).

75% من رقم الأعمال المتحقق خلال السنة المالية من السنة السابقة يمثل مصاريف مرتبطة مباشرة بممارسة النشاط فيما يتعلق بتجارة وبيع السلع والإنتاج.
قاعدة المساهمة = 25% من إجمالي المبيعات + مساهمة CASNOS (N-1).

يتم احتساب المساهمة السنوية لعام 2023 على أساس حجم الأعمال خلال السنة المالية 2022.",12,6,30,2023-11-15T01:45:01.000000Z,2023-12-17T13:53:01.000000Z
10,3,"Declaration of contribution base","Déclaration d'assiette de cotisation","التصريح على قاعدة المساهمات للعمال الغير الأجراء","For taxable persons subject to the real regime, operating income is equal to the ordinary result achieved during the closed financial year (n-2) plus the social security contributions paid personally by the taxable person.

Contributions paid individually under the social security system for self-employed persons are not allowed for contribution deduction. They are tax deductible in accordance with article 85 of the code of direct taxes and similar taxes.

Contribution base = ordinary result + social security contribution paid personally for the year (N-1).

The contribution is calculated on the basis of the ordinary result achieved during the closed financial year (n -2) declared during the previous year (n -1).

For those subject to the IFU flat-rate regime and the simplified regime, the annual contribution is calculated on the basis of the turnover achieved during the financial year of the previous year (n-1), less charges directly linked to the exercise of the activity, with the exception of social security contributions paid personally by the taxable person under the social security system for non-employees.

If charges are not determined:

65% of the turnover achieved during the financial year of the previous year represents expenses directly linked to the exercise of the activity with regard to the provision of services.
Contribution base = 35% of turnover + the CASNOS contribution (N-1).

75% of the turnover achieved during the financial year of the previous year represents expenses directly linked to the exercise of the activity with regard to the trade and sale of goods and production.
Contribution base = 25% of turnover + the CASNOS contribution (N-1).

The 2023 annual contribution is calculated on the basis of turnover during the 2022 financial year.","Pour les assujettis soumis au régime réel, le revenu d’exploitation est égal au résultat ordinaire réalisé au cours de l’exercice clôturé (n-2) plus les cotisations de sécurité sociale versées à titre personnel par l’assujetti.

Les cotisations versées individuellement au titre du régime de sécurité sociale des non-salariés, ne sont pas admises pour leur déduction de cotisation. Elles sont déductibles d’impôts conformément à l’article 85 du code des impôts directs et taxes assimilées.

Assiette de cotisation = résultat ordinaire + la cotisation de la sécurité sociale versées titre personnel de l’année (N-1).

La cotisation est calculée sur la base du résultat ordinaire réalisé au cours de l’exercice clos (n -2) déclaré durant l’année précédente (n -1).

Pour les assujettis soumis au régime forfaitaire IFU et au régime simplifié, la cotisation annuelle est calculée sur la base du chiffre d’affaire réalisé au cours de l’exercice de l’année précédente (n-1), diminué des charges liées directement à l’exercice de l’activité, à l’exception des cotisations de sécurité sociale versées à titre personnel par l’assujetti au titre du régime de sécurité sociale des non- salariés.

En cas de non détermination des charges :

65% du chiffre d’affaire réalisé au cours de l’exercice de l’année précédente représente les charges liées directement à l’exercice de l’activité en ce qui concerne les prestations de service.
Assiette de cotisation = 35% du chiffre d’affaire + la cotisation CASNOS (N-1).

75% du chiffre d’affaires réalisé au cours de l’exercice de l’année précédente représente les charges liées directement à l’exercice de l’activité en ce qui concerne le commerce et la vente des marchandises et la production.
Assiette de cotisation = 25% du chiffre d’affaire + la cotisation de la CASNOS (N-1).

La cotisation annuelle 2023 est calculée sur la base du chiffre d’affaires au cours de l’exercice de l’année 2022.","بالنسبة للأشخاص الخاضعين للضريبة الخاضعين للنظام الحقيقي، فإن الدخل التشغيلي يساوي النتيجة العادية التي تم تحقيقها خلال السنة المالية المغلقة (ن-2) بالإضافة إلى اشتراكات الضمان الاجتماعي المدفوعة شخصيًا من قبل الشخص الخاضع للضريبة.

لا يجوز خصم الاشتراكات المدفوعة بشكل فردي بموجب نظام الضمان الاجتماعي للعاملين لحسابهم الخاص. وهي معفاة من الأداء طبقا لأحكام الفصل 85 من مجلة الضرائب المباشرة والضرائب المماثلة.

قاعدة المساهمة = النتيجة العادية + مساهمة الضمان الاجتماعي المدفوعة شخصياً للسنة (ن-1).

يتم احتساب المساهمة على أساس النتيجة العادية المحققة خلال السنة المالية المغلقة (ن -2) المعلنة خلال السنة السابقة (ن -1).

بالنسبة لأولئك الخاضعين لنظام معدل الفائدة الثابت والنظام المبسط، يتم حساب المساهمة السنوية على أساس رقم الأعمال الذي تم تحقيقه خلال السنة المالية من العام السابق (n-1)، ناقص الرسوم المرتبطة مباشرة بممارسة - باستثناء اشتراكات الضمان الاجتماعي التي يدفعها الخاضع للضريبة شخصياً بموجب نظام الضمان الاجتماعي لغير الموظفين.

إذا لم يتم تحديد الرسوم:

65% من رقم الأعمال المتحقق خلال السنة المالية من السنة السابقة يمثل مصاريف مرتبطة مباشرة بممارسة النشاط فيما يتعلق بتقديم الخدمات.
قاعدة المساهمة = 35% من إجمالي المبيعات + مساهمة CASNOS (N-1).

75% من رقم الأعمال المتحقق خلال السنة المالية من السنة السابقة يمثل مصاريف مرتبطة مباشرة بممارسة النشاط فيما يتعلق بتجارة وبيع السلع والإنتاج.
قاعدة المساهمة = 25% من إجمالي المبيعات + مساهمة CASNOS (N-1).

يتم احتساب المساهمة السنوية لعام 2023 على أساس حجم الأعمال خلال السنة المالية 2022.",12,1,31,2023-11-15T01:45:01.000000Z,2023-12-17T13:54:30.000000Z
9,2,"Annual declaration of salaries and employees","Déclaration annuelle des salaires et des salariés","التصريح السنوي للرواتب والموظفين","La Caisse Nationale d'Assurance Sociale (CNAS) is the national social security agency in Algeria. It is responsible for providing social security benefits to employees in the private and public sectors.

The Annual declaration of salaries and employees is an annual reporting event conducted by the Caisse Nationale d'Assurance Sociale (CNAS). Employers are required to submit this declaration, providing detailed information on employee wages and workforce. The purpose is to ensure accurate social security contribution calculations and maintain up-to-date records for the effective distribution of benefits to employees.

Failure to meet the deadline for the Annual declaration of salaries and employees in Algeria may result in legal action, including potential lawsuits and associated penalties.","La Caisse Nationale d'Assurance Sociale (CNAS) est l'organisme national de sécurité sociale en Algérie. Elle est chargée de fournir des prestations de sécurité sociale aux employés des secteurs privé et public.

La Déclaration Annuelle des Salaires et des Salariés est un événement de déclaration annuelle par la Caisse Nationale d'Assurance Sociale (CNAS). Les employeurs sont tenus de soumettre cette déclaration, fournissant des informations détaillées sur les salaires des employés et la main-d'œuvre. L'objectif est de garantir des calculs précis des cotisations de sécurité sociale et de maintenir des dossiers à jour pour une distribution efficace des avantages aux employés.

Le non-respect de la date limite de la Déclaration Annuelle des Salaires et des Salariés en Algérie peut entraîner des actions en justice, y compris des poursuites potentielles et des sanctions associées.","الصندوق الوطني للتأمين الاجتماعي (الكناس) هو الهيئة الوطنية للضمان الاجتماعي في الجزائر. وهو مسؤول عن توفير فوائد الضمان الاجتماعي للموظفين في القطاعين الخاص والعام.

التصريح السنوي للرواتب والموظفين هو  تقرير سنوي يُجرى من قبل الصندوق الوطني للتأمين الاجتماعي (الكناس). يُطلب من أصحاب العمل تقديم هذا الإعلان، حيث يقدمون معلومات مفصلة حول أجور الموظفين والقوى العاملة. الغرض من ذلك هو ضمان حسابات دقيقة لاستحقاقات التأمين الاجتماعي والحفاظ على سجلات محدثة لتوزيع الفوائد بشكل فعال على الموظفين.

فشل في الامتثال للموعد النهائي لإعلان الرواتب والموظفين في الجزائر قد يؤدي إلى اتخاذ إجراءات قانونية، بما في ذلك رفع دعاوى قضائية و عقوبات مالية.",12,1,31,2023-11-15T01:45:01.000000Z,2023-11-20T16:37:42.000000Z
8,2,"Contribution base declaration","Déclaration d'assiette de cotisation","التصريح بقاعدة المساهمة","La Caisse Nationale d'Assurance Sociale (CNAS) is the national social security agency in Algeria. It is responsible for providing social security benefits to employees in the private and public sectors.

Contribution base declaration (DAC) is declared and paid by employers as intermediates between their employees and CNAS. The employer deducts social security contributions from employees' salaries and pays them to CNAS. This process ensures that employees' social security contributions are paid promptly and accurately.

The penalty for not paying the DAC on time is 800 DA. In addition, the employer's active social security deductions will be revoked.","La Caisse Nationale d'Assurance Sociale (CNAS) est l'organisme national de sécurité sociale en Algérie. Elle est chargée de fournir des prestations de sécurité sociale aux employés des secteurs privé et public.

La Déclaration d'Assiette de Cotisation (DAC) est déclarée et payée par les employeurs en tant qu'intermédiaires entre leurs employés et la CNAS. L'employeur déduit les cotisations de sécurité sociale sur les salaires des employés et les verse à la CNAS. Ce processus garantit que les cotisations de sécurité sociale des employés sont payées de manière rapide et précise.

La pénalité pour non-paiement de la DAC dans les délais est de 800 DA. De plus, les abattements actives de sécurité sociale de l'employeur seront révoquées.","الصندوق الوطني للتأمين الاجتماعي (الكناس) هو الهيئة الوطنية للضمان الاجتماعي في الجزائر. وهو مسؤول عن توفير فوائد الضمان الاجتماعي للموظفين في القطاعين الخاص والعام.

يعلن ويدفع التصريح بقاعدة المساهمة (DAC) من قبل أصحاب العمل كوسيطين بين موظفيهم والكناس. يقوم الصاحب بخصم اشتراكات الضمان الاجتماعي من أجور الموظفين ويدفعها إلى الكناس. يضمن هذا العملية دفع اشتراكات الضمان الاجتماعي للموظفين بسرعة وبدقة.

العقوبة عن عدم دفع DAC في الوقت المحدد هي 800 دينار جزائري. بالإضافة إلى ذلك، سيتم سحب خصومات الضمان الاجتماعي النشطة لصاحب النشاط.",1,monthly,20,2023-11-15T01:45:01.000000Z,2023-11-20T16:39:35.000000Z
7,2,"Contribution base declaration","Déclaration d'assiette de cotisation","التصريح بقاعدة المساهمة","La Caisse Nationale d'Assurance Sociale (CNAS) is the national social security agency in Algeria. It is responsible for providing social security benefits to employees in the private and public sectors.

Contribution base declaration (DAC) is declared and paid by employers as intermediates between their employees and CNAS. The employer deducts social security contributions from employees' salaries and pays them to CNAS. This process ensures that employees' social security contributions are paid promptly and accurately.

The penalty for not paying the DAC on time is 800 DA. In addition, the employer's active social security deductions will be revoked.","La Caisse Nationale d'Assurance Sociale (CNAS) est l'organisme national de sécurité sociale en Algérie. Elle est chargée de fournir des prestations de sécurité sociale aux employés des secteurs privé et public.

La Déclaration d'Assiette de Cotisation (DAC) est déclarée et payée par les employeurs en tant qu'intermédiaires entre leurs employés et la CNAS. L'employeur déduit les cotisations de sécurité sociale sur les salaires des employés et les verse à la CNAS. Ce processus garantit que les cotisations de sécurité sociale des employés sont payées de manière rapide et précise.

La pénalité pour non-paiement de la DAC dans les délais est de 800 DA. De plus, les abattements actives de sécurité sociale de l'employeur seront révoquées.","الصندوق الوطني للتأمين الاجتماعي (الكناس) هو الهيئة الوطنية للضمان الاجتماعي في الجزائر. وهو مسؤول عن توفير فوائد الضمان الاجتماعي للموظفين في القطاعين الخاص والعام.

يعلن ويدفع التصريح بقاعدة المساهمة (DAC) من قبل أصحاب العمل كوسيطين بين موظفيهم والكناس. يقوم الصاحب بخصم اشتراكات الضمان الاجتماعي من أجور الموظفين ويدفعها إلى الكناس. يضمن هذا العملية دفع اشتراكات الضمان الاجتماعي للموظفين بسرعة وبدقة.

العقوبة عن عدم دفع DAC في الوقت المحدد هي 800 دينار جزائري. بالإضافة إلى ذلك، سيتم سحب خصومات الضمان الاجتماعي النشطة لصاحب النشاط.",3,monthly,20,2023-11-15T01:45:01.000000Z,2023-11-20T16:39:17.000000Z
6,1,"The continuing professional training and apprenticeship tax","La taxe de la formation professionnelle continue et d'apprentissage","الرسم على التكوين المهني المتواصل و الرسم على التمهين","The continuing professional training tax (TFP) is a financial contribution that must be paid by employers to the State in order to finance the continuing professional training of workers. The apprenticeship tax, for its part, is a contribution intended to finance work-study training programs for workers, such as professional apprenticeships.

Employers must devote at least 1% of the annual payroll to the training of their employees and 1% to apprenticeship, otherwise they will have to pay an equivalent tax for this purpose to the tax administration.

Employers with fewer than 20 employees benefit from an exemption from the professional training tax.","La taxe de formation professionnelle continue (TFP) est une contribution financière qui doit être versée par les employeurs à l'État afin de financer la formation professionnelle continue des travailleurs. La taxe d'apprentissage, quant à elle, est une contribution destinée à financer les programmes de formation en alternance pour les travailleurs, tels que les apprentissages professionnels.

Les employeurs doivent consacrer 1% de la masse salariale annuelle à la formation de leurs employés et 1% à l'apprentissage, %sinon ils devront verser une taxe équivalente à cet effet à l'administration fiscale.%

Les employeurs ayant moins de 20 employés bénéficient d’une exonération de la taxe de formation professionnelle.","ضريبة التدريب المهني المستمر (TFP) هي مساهمة مالية يجب على أصحاب العمل دفعها للدولة من أجل تمويل التدريب المهني المستمر للعمال. ضريبة التلمذة الصناعية، من جانبها، هي مساهمة تهدف إلى تمويل برامج التدريب على العمل والدراسة للعمال، مثل التلمذة الصناعية.

يجب على أصحاب العمل تخصيص ما لا يقل عن 1% من الرواتب السنوية لتدريب موظفيهم و1% للتدريب المهني، وإلا فسيتعين عليهم دفع ضريبة معادلة لهذا الغرض إلى إدارة الضرائب.

يستفيد أصحاب العمل الذين لديهم أقل من 20 موظفًا من الإعفاء من ضريبة التدريب المهني.",12,2,22,2023-11-15T01:45:01.000000Z,2023-12-17T13:54:51.000000Z
5,1,"IBS amending annual declaration","Déclaration annuelle rectificative de l'IBS","التصريح التصحيحي للضريبة على ارباح الشركات","The IBS Corrective Annual Declaration is a procedure provided for by Algerian law to allow companies to correct and only correct errors or omissions made in their initial annual Business Income Tax (BIS) declaration.

To file a corrective declaration, it is sufficient that:

Companies must have a general assembly to decide on their status and accounts.

The deadline for filing it does not exceed 21 days following expiration.

The minutes of the meeting and the auditor's report are attached when filing the declaration.

Filing a corrective declaration results in a new assessment of the tax, which takes into account the corrections made. if this results in additional tax, this must be paid within the same time frame as the initial tax. But if it results in a reimbursement, this is made in accordance with the procedures provided for by law.","La Déclaration annuelle rectificative de l'IBS est une procédure prévue par la loi algérienne pour permettre aux entreprises de corriger et seulement corriger les erreurs ou omissions commises dans leur déclaration annuelle initiale de l'Impôt sur les Bénéfices des Sociétés (IBS).

Pour déposer une déclaration rectificative, il suffit que :

Les entreprises soient dotées d'une assemblée devant statuer sur les comptes.

Le délai pour la déposer ne dépasse pas 21 jours suivant l'expiration.

Le procès-verbal de l'assemblée et le rapport du commissaire aux comptes soient joints lors du dépôt de la déclaration.

Le dépôt d'une déclaration rectificative entraîne une nouvelle liquidation de l'impôt, qui tient compte des corrections apportées. Si cela entraine un supplément d'impôt, celui-ci doit être payé dans les mêmes délais que l'impôt initial. Mais si elle entraine un remboursement, celui-ci est effectué conformément aux procédures prévues par la loi.","التصريح السنوي التصحيحي لـ IBS هو إجراء ينص عليه القانون الجزائري للسماح للشركات بتصحيح  الأخطاء أو السهو في تصريح ضريبة دخل الشركات السنوي الأولي (IBS).

لتقديم التصريح تصحيحي، يكفي ما يلي:

الشركات لديها اجتماع لاتخاذ قرار بشأن الحسابات.
لا يتجاوز الموعد النهائي لتقديمه 21 يومًا بعد انتهاء الصلاحية.
ويرفق محضر الاجتماع وتقرير مراقب الحسابات عند تقديم التصريح.

يؤدي تقديم التصريح التصحيحي إلى ربط جديد للضريبة، والذي يأخذ في الاعتبار التصحيحات التي تم إجراؤها. وإذا أدى ذلك إلى فرض ضريبة إضافية، فيجب دفعها خلال نفس الإطار الزمني للضريبة الأولية. أما إذا ترتب على ذلك رد التكاليف، فيتم ذلك وفقا للإجراءات المنصوص عليها في القانون.",12,5,20,2023-11-15T01:45:01.000000Z,2023-12-17T13:54:12.000000Z
4,1,"Tax on professional activity Statement","Déclaration de la taxe sur l'activité professionnelle.","التصريح بالضريبة على النشاط المهني.","Tax type:
    Professional activity tax

Place of filing the declaration:
    Tax inspection, tax center of the location of the taxpayer's establishment.
    For natural persons and assimilated persons who exercise a profession whose profits are subject to the IRG in the category of professional profits, and in case of multiple establishments, the declaration must be established at the location of the main establishment (art. 224 of the CIDTA).
    For companies eligible to the Directorate of Large Enterprises, they must file their declaration at the level of the DGE.

Form to use:
    Series G No. 11, real regime, category of professional profits
    Series G No. 04, 04 Bis, 04 Ter for taxpayers subject to IBS

Persons to file the declaration:
    Taxpayers realizing professional profits (Real regime)
    Taxpayers realizing profits subject to IBS

Documents to be attached to the declaration:
     • Client statement
     • Declaration by establishment or unit operated in each municipality of the location of their installation. (art. 224 of the CIDTA).
Note:
Companies under the DGE are required to file their declarations electronically within the deadlines and conditions set by the current tax legislation.","Nature de l’impôt:
    la taxe sur l'activité professionnelle.

Lieu de dépôt de la déclaration:
   recette des impôts, centre des impôts du lieu d’imposition.
    Pour les personnes physiques et assimilées qui exercent une profession dont les profits relèvent de l’IRG dans la catégorie des bénéfices professionnels, et en cas de pluralité d’établissements la déclaration doit être établie au lieu d’implantation du principal établissement (art 224 du CIDTA).
    Pour les entreprises éligibles à la direction des grandes entreprises, elles doivent souscrire leur déclaration au niveau de la DGE.

Imprimé à utiliser:
    série g 50

Personnes devant souscrire la déclaration:
    Les contribuables réalisant des bénéfices professionnels (Régime du réel)
    Les contribuables réalisant des bénéfices soumis à l’IBS

Documents à joindre à la déclaration:
     • L’état client
     • La déclaration par établissement ou unité exploitée dans chacune des communes du lieu de leur installation.(art 224 du CIDTA).

Remarque :
Les entreprises relevant de la DGE sont tenues de souscrire leurs déclarations par voie électronique
dans les délais et conditions fixés par la législation fiscale en vigueur.","**نوع الضريبة:**

* ضريبة النشاط المهني

**مكان إيداع الإقرار الضريبي:**

* مفتشية الضرائب ، مركز الضرائب في موقع المنشأة الخاضعة للضريبة.
* بالنسبة للأشخاص الطبيعيين والمشابهين الذين يمارسون مهنة تؤدي أرباحها إلى فرض الضريبة على الدخل الإجمالي (IRG) في فئة الأرباح المهنية ، وفي حالة وجود عدة مؤسسات ، يجب إعداد الإقرار في موقع المؤسسة الرئيسية (المادة 224 من CIDTA).
* بالنسبة للشركات المؤهلة لمديرية المؤسسات الكبرى ، يجب أن تودع إقراراتها على مستوى DGE.

**النموذج المراد استخدامه:**

* سلسلة G رقم 11 ، النظام الحقيقي ، فئة الأرباح المهنية
* سلسلة G رقم 04 ، 04 Bis ، 04 Ter للدافعين الخاضعين لضريبة IBS

**الأشخاص الذين عليهم تقديم الإقرار الضريبي:**

* دافعي الضرائب الذين يحققون أرباحًا مهنية (النظام الحقيقي)
* دافعي الضرائب الذين يحققون أرباحًا خاضعة لضريبة IBS

**المستندات المرفقة بالإقرار الضريبي:**

* بيان العملاء
* تصريح لكل منشأة أو وحدة يتم تشغيلها في كل بلدية في مكان تركيبها. (المادة 224 من CIDTA).

**ملاحظة:**

* الشركات التابعة لـ DGE ملزمة بتقديم إقراراتها إلكترونياً.
* يجب تقديم الإقرار الضريبي في موعد لا يتجاوز 31 مارس من العام التالي.",12,4,30,2023-11-15T01:45:01.000000Z,2023-12-03T13:42:53.000000Z
3,1,"Corporate profits statement","Déclaration des bénéfices des sociétés","التصريح بأرباح الشركات","Tax type:
    Corporate tax

Place of filing the declaration:
    Tax inspection, tax center of the location of the headquarters or main establishment (151 - 1 of the CIDTA).

Form to use:
    Series G No. 4
    Series G No. 4 Bis for taxpayers subject to the DGE.
    Series G No. 4 Ter for taxpayers subject to the CDI.

Persons to file the declaration:
    Any legal person subject to IBS.
    Companies that have opted for the IBS tax regime as provided for in Article 136 of the Code of Direct Taxes and Assimilated Taxes.

Documents to be attached to the declaration:
     • Fiscal balance sheet
     • Extracts from the accounts of accounting operations.
     • Summary of income statement.
     • Statement of general expenses, depreciation and provisions constituted by a deduction from profits, with the precise indication of the purpose of these depreciation and provisions.
     • Income statement.
     • Statement of payments in terms of TAP.
     • For companies, a detailed statement of advance payments made under the IBS.
     • Statement indicating the allocation of each passenger car that has been on their assets or for which the company has assumed the expenses during this financial year.
     • If necessary, taxpayers may attach to their declarations the essential observations and signed conclusions that may have been submitted to them by the chartered accountants or approved accountants appointed by them within the limits of their competence to establish, control or assess their balance sheet and their operating profit and loss account (art. 152 and 153 of the CID).
     • Statement showing for each beneficiary of payments to third parties who are not part of your staff:
          - Names/surnames and company name;
          - Tax identification number;
          - Trade register registration number;
          - Approval number;
          - Tax structure of attachment;
          - Reference, date and amount of the contract or convention;
          - The nature of the operations to which these payments relate;
          - Exact address of its headquarters and place of business;
          - Amount of payments made on their behalf;
          - The amount of value-added tax invoiced by these operators;
          - The payment method used.","Nature de l’impôt:
     Impôt sur les bénéfices des sociétés

Lieu de dépôt de la déclaration:
    Inspection des impôts, centre des impôts du lieu d’implantation du siège social ou de l’établissement principal (151 - 1 du CIDTA).

Imprimé à utiliser:
    Série G n° 4
    Série G n° 4 Bis pour les contribuables relevant de la DGE. 
    Série G n° 4 Ter pour les contribuables relevant du CDI.

Personnes devant souscrire la déclaration:
    Toute personne morale soumise à l’IBS.
    Les sociétés ayant opté pour le régime d’imposition à l’IBS tel que prévu à l’article 136 du code des impôts directs et taxes assimilées.

Documents à joindre à la déclaration:
     • Bilan fiscal
     • Les extraits de comptes des opérations comptables.
     • Résumé de compte de résultats.
     • Relevé par nature des frais généraux, des amortissements et provisions constitués par prélèvement sur les bénéfices avec l’indication précise de l’objet de ces amortissements et provisions.
     • Etat des résultats.
     •Relevé des versements en matière de TAP.
     •Pour les sociétés, un relevé détaillé des acomptes versés au titre de l’IBS.
     • Etat comportant l’indication de l’affectation de chacune des voitures de tourisme ayant figuré à leur actif ou dont l’entreprise a assumé les frais au cours de cet exercice.
     • Le cas échéant, les contribuables peuvent joindre à leurs déclarations les observations essentielles et les conclusions signées qui ont pu leur être remises par les experts comptables ou les comptables agréés chargés par eux dans la limite de leur compétence d’établir, contrôler ou apprécier leur bilan et leur compte de résultats d’exploitation (art 152 et 153 du CID).
     • Etat comportant pour chaque bénéficiaire des paiements au tiers ne faisant pas partie de votre personnel:
          - Les noms/prénoms et raison sociale ;
          - Numéro d’identification fiscale ;
          - Numéro d’inscription au registre de commerce ;
          - Numéro de l’agrément ;
          - Structure fiscale de rattachement ;
          - Référence, date et montant du marché ou de la convention ;
          - La nature des opérations auxquelles se rapportent ces paiements;
          -Adresse précise de son siège et du lieu d’exercice de son activité ;
          - Montant des versements effectués pour leurs comptes ;
          - Le montant de la taxe sur la valeur ajoutée facturée par ces opérateurs ;
          - Le mode de paiement y utilisé.","**نوع الضرائب:**

* الضريبة على أرباح الشركات

**مكان إيداع الإقرار الضريبي:**

* مفتشية الضرائب ، مركز الضرائب في موقع المقر الرئيسي أو الفرع الرئيسي (151 - 1 من CIDTA).

**النموذج المراد استخدامه:**

* سلسلة G رقم 4
* سلسلة G رقم 4 Bis للدافعين الخاضعين للمديرية العامة للضرائب (DGE).
* سلسلة G رقم 4 Ter للدافعين الخاضعين لمديرية الضرائب (CDI).

**الأشخاص الذين عليهم تقديم الإقرار الضريبي:**

* أي شخص اعتباري خاضع لضريبة IBS.
* الشركات التي اختاروا نظام الضريبة IBS المنصوص عليه في المادة 136 من قانون الضرائب المباشرة والضرائب المماثلة.

**المستندات المرفقة بالإقرار الضريبي:**

* الميزانية العمومية الضريبية
* مقتطفات من حسابات العمليات المحاسبية.
* ملخص بيان الأرباح.
* بيان بنوعي المصاريف العامة ، والإطفاء والاحتفاظات التي تم تشكيلها عن طريق اقتطاع من الأرباح ، مع الإشارة الدقيقة إلى الغرض من هذه الإطفاء والاحتفاظات.
* بيان الأرباح.
* بيان المدفوعات من حيث TAP.
* بالنسبة للشركات ، بيان تفصيلي للإيصالات المقدمة بموجب IBS.
* بيان يشير إلى تخصيص كل سيارة ركاب كانت على أصولها أو التي تحملت الشركة نفقاتها خلال هذا العام المالي.
* إذا لزم الأمر ، يمكن للدافعين إرفاق ملاحظاتهم الأساسية والنتائج الموقعة التي قد تم تقديمها لهم من قبل مراجعي الحسابات أو المحاسبين المعتمدين المعينين من قبلهم في حدود اختصاصهم لإعداد أو التحكم أو تقييم ميزانيتهم العمومية وحسابهم التشغيلي للخسائر والأرباح (المواد 152 و 153 من CID).
* بيان يوضح لكل مستفيد من المدفوعات إلى الأطراف الثالثة التي لا تنتمي إلى طاقم عملك:
    * الأسماء / الألقاب والاسم التجاري ؛
    * رقم التعريف الضريبي ؛
    * رقم التسجيل في سجل التجارة ؛
    * رقم الموافقة ؛
    * الهيكل الضريبي الملحق ؛
    * الإشارة ، التاريخ والمبلغ للعقد أو الاتفاقية ؛
    * طبيعة العمليات التي تتعلق بها هذه المدفوعات ؛
* العنوان الدقيق لرئيس المكتب والمكان الذي يمارس فيه نشاطه ؛
* مبلغ الدفعات التي تم إجراؤها نيابة عنهم ؛
* مبلغ ضريبة القيمة المضافة التي فوترتها هذه الشركات ؛
* طريقة الدفع المستخدمة.",12,4,30,2023-11-15T01:45:01.000000Z,2023-11-20T14:12:14.000000Z
2,1,"Comprehensive Income Statement","Déclaration Globale Des Revenus","التصريح السنوي بالمداخيل","Nature of tax:
	  IRG – art 99 CIDTA.

Place of submission of the declaration:
	  Tax inspectorate at the place of your tax domicile

Print to use:
	  G Series No. 1

Documents to attach to the declaration
	  -State of people who are considered dependent on you for tax purposes.
	  -Statement of expenses to be deducted from your overall income.
	  -State relating to lifestyle elements.","Nature de l’impôt:
	  IRG – art 99 CIDTA.

Lieu de dépôt de la déclaration:
      Inspection des impôts du lieu de votre domicile fiscal

Imprimé à utiliser:
	  Série G n°1

Documents à joindre à la déclaration
	  -Etat des personnes qui sont considérées fiscalement à votre charge.
	  -Etat des charges à déduire de votre revenu global.
	  -Etat relatif aux éléments de train de vie.","طبيعة الضريبة:
IRG - المادة 99 CIDTA.

مكان تقديم التصريح:
       مفتشية الضرائب في مكان موطنك الضريبي

طباعة للاستخدام:
سلسلة G رقم 1

المستندات التي يجب إرفاقها بالإعلان
-حالة الأشخاص الذين يعتبرون معتمدين عليك لأغراض ضريبية.
-بيان المصاريف التي سيتم خصمها من دخلك الإجمالي.
-بيان المتعلق بعناصر نمط الحياة.",12,4,30,2023-11-15T01:45:01.000000Z,2023-11-16T09:46:41.000000Z
1,1,"Monthly Statement","Déclaration mensuelle","التصريح الشهري","Monthly Declaration

Nature of tax:

    IRG / RCM - withholding at source article 121 of the CIDTA.
    IRG / salaries and wages - withholding at source article 129 of the CIDTA.
    TAP / provisional installments (real regime) article 359 - 2 of the CIDTA.
    VAT - article 76 -1 of the code of TCA
    TIC - article 28 of the code of TCA
    TPP - article 28 quinquiès of the code of TCA
    Stamp duty - article 4 of the stamp code

Place of filing the declaration:

    Revenue office of the place where your activity is carried out.

Form to use:

    Series G No. 50 (blue color) Real regime.
    Series G No. 50 A (brown color) Public administrations.

Note:

    Companies subject to the DGE are required to file their declarations electronically within the deadlines and conditions set by the current tax legislation.","Déclaration mensuelle

Nature de l’impôt:
IRG / RCM - retenues à la source art 121 du CIDTA.
IRG / traitements et salaires- retenues à la source art 129 du CIDTA.
TAP
TVA – art 76 -1 du code des TCA
TIC – art 28 du code des TCA
TPP – art 28 quinquiès du code des TCA
Droit de timbre – art 4 du code du timbre

Lieu de dépôt de la déclaration:
Recette des impôts dont relève le lieu d’exercice de votre activité.

Imprimé à utiliser:
Série G n° 50 (couleur bleue) Régime du réel.
Série G n° 50 A (couleur marron) Administrations publiques. et regime forfitaire


Remarque :
Les entreprises relevant de la DGE sont tenues de souscrire leurs déclarations par voie électronique
dans les délais et conditions fixés par la législation fiscale en vigueur.","التصريح شهري

طبيعة الضريبة:

    IRG / RCM - اقتطاعات عند المصدر المادة 121 من قانون ضريبة الدخل.
    IRG / الرواتب والأجور - اقتطاعات عند المصدر المادة 129 من قانون ضريبة الدخل.
    TAP / أقساط مؤقتة (نظام حقيقي) المادة 359 - 2 من قانون ضريبة الدخل.
    ضريبة القيمة المضافة - المادة 76 -1 من قانون ضريبة القيمة المضافة
    الضريبة على المنتجات الصناعية - المادة 28 من قانون الضريبة على المنتجات الصناعية
    ضريبة الخدمات - المادة 28 الخماسية من قانون الضريبة على الخدمات
    ضريبة الدمغة - المادة 4 من قانون الطابع الضريبي

مكان تقديم الإعلان:

    مكتب الضرائب التابع لمنطقة نشاطك.

نموذج للاستخدام:

    السلسلة G رقم 50 (اللون الأزرق) النظام الحقيقي.
    السلسلة G رقم 50 A (اللون البني) الإدارات العامة.

ملاحظة:

    الشركات الخاضعة لـ DGE ملزمة بتقديم إعلاناتها إلكترونيًا في الآجال والشروط المنصوص عليها في التشريعات الضريبية المعمول بها.",1,monthly,20,2023-11-15T01:45:01.000000Z,2023-12-03T13:34:42.000000Z
